-- phpMyAdmin SQL Dump
-- version 3.2.4
-- http://www.phpmyadmin.net
--
-- Host: localhost
-- Generation Time: Jul 25, 2016 at 05:51 
-- Server version: 5.1.41
-- PHP Version: 5.3.1

SET SQL_MODE="NO_AUTO_VALUE_ON_ZERO";


/*!40101 SET @OLD_CHARACTER_SET_CLIENT=@@CHARACTER_SET_CLIENT */;
/*!40101 SET @OLD_CHARACTER_SET_RESULTS=@@CHARACTER_SET_RESULTS */;
/*!40101 SET @OLD_COLLATION_CONNECTION=@@COLLATION_CONNECTION */;
/*!40101 SET NAMES utf8 */;

--
-- Database: `penjualan`
--

-- --------------------------------------------------------

--
-- Table structure for table `barang`
--

CREATE TABLE IF NOT EXISTS `barang` (
  `KODE_ITEM` varchar(15) NOT NULL DEFAULT '',
  `NAMA_ITEM` varchar(30) NOT NULL DEFAULT '',
  `STOK` int(11) DEFAULT NULL,
  `HARGA_BELI` int(11) DEFAULT NULL,
  `HARGA_JUAL` int(11) DEFAULT NULL,
  `KODE_KAT` varchar(5) DEFAULT NULL,
  PRIMARY KEY (`KODE_ITEM`)
) ENGINE=InnoDB DEFAULT CHARSET=latin1;

--
-- Dumping data for table `barang`
--

INSERT INTO `barang` (`KODE_ITEM`, `NAMA_ITEM`, `STOK`, `HARGA_BELI`, `HARGA_JUAL`, `KODE_KAT`) VALUES
('1', 'TEST PACK ONE MED', 2, 950, 3000, 'null'),
('1007361015', 'MINYAK TELON GAJAH 15ML', 2, 3750, 13800, 'null'),
('1010', 'CHLORAMPENICOL', 9, 3000, 5200, 'null'),
('1012', 'CIMETIDINE 200MG', 50, 2108, 2800, 'null'),
('1015', 'CIPROFLOXACIN 500', 4, 3850, 3200, 'null'),
('1020', 'CLINDAMYCIN 150', 4, 5100, 5400, 'null'),
('110101521454480', 'Teh', 5, 500, 800, 'null'),
('110101521454485', 'Susu', 5, 6000, 7000, 'null'),
('110101521456574', 'Roti', 5, 600, 1000, 'null'),
('110101521456589', 'Gula', 5, 5500, 6000, 'null'),
('110101521456666', 'Kopi', 5, 1500, 2000, 'null'),
('1117124511117', 'ULTRASILINE CREAM', 8, 6435, 7800, 'null'),
('1131212', 'VERMINT ISI 12', 18, 22000, 21300, 'null'),
('117345', 'POLYCROL FORTE', 3, 5958, 6700, 'null'),
('12111100', 'RIVANOL 100 ML', 5, 2145, 3500, 'null'),
('12111554', 'DIVOLTAR 50 MG', 45, 2970, 2700, 'null'),
('12124433', 'DRAMAMINE 50 MG', 3, 1320, 5200, 'null'),
('1234405', 'DEXAHARSEN 0.5 MG', 59, 1842, 6500, 'null'),
('123475', 'DEXAHARSEN 0.75 MG', 28, 2090, 2500, 'null'),
('124111211712', 'DAPYRIN DEMAM 500 MG', 13, 1450, 85300, 'null'),
('124112013171', 'ORAPROFEN FORTE', 8, 6000, 7800, 'null'),
('124117', 'ORALIT', 5, 379, 1000, 'null'),
('1241745017', 'DANASONE TABLET', 12, 1012, 1000, 'null'),
('1450', 'KAPAS 50 GR', 7, 4708, 5000, 'null'),
('1492', 'WIROS TABLET', 2, 1600, 3000, 'null'),
('1590', 'IMODIUM 5 MG', 11, 6882, 7900, 'null'),
('1598', 'INERSON CREAM', 14, 34100, 24500, 'null'),
('164', 'ICHTIYOL', 1, 5254, 6200, 'null'),
('170111211', 'NOURISHSKIN ULTIMATE', 39, 7300, 8200, 'null'),
('171243015', 'ITRAMOL 60 ML', 13, 3000, 4300, 'null'),
('1731112', 'NEURODEX TABLET', 72, 4345, 4500, 'null'),
('19', 'ANASTAN FORTE 500MG', 18, 2000, 3200, 'null'),
('20', 'ANDALAN', 3, 4000, 5100, 'null'),
('2011600', 'OBAR GIGI BURUNG KAKAK TUA', 9, 8690, 9500, 'null'),
('2015', 'MOLACORT 0,75 MG', 23, 1000, 10400, 'null'),
('20249', 'PONDEX FORTE 500MG', 5, 6160, 4000, 'null'),
('20309', 'VITANORM TAB', 5, 3000, 4200, 'null'),
('2037', 'MYCORAL TABLET', 7, 4856, 10700, 'null'),
('2043', 'PLANOTAB', 0, 4015, 4500, 'null'),
('2050', 'PONSTAN', 22, 2281, 2300, 'null'),
('22', 'ANDALAN LAKTASI', 5, 10000, 11400, 'null'),
('2218', 'OXYTETRASIKLIN SALEP MATA', 2, 3600, 4600, 'null'),
('227', 'INTERHISTIN TABLET', 13, 6930, 6500, 'null'),
('228', 'IRGAPAN 200MG', 8, 4000, 5000, 'null'),
('231711234', 'ZENIREX 60 ML', 21, 4615, 5500, 'null'),
('2346', 'YUSIMOX SYRUP FORTE', 5, 4750, 8000, 'null'),
('2364', 'TEOSAL TABLET', 5, 2090, 2700, 'null'),
('2379', 'NEUROPYRON TABLET', 9, 4000, 6500, 'null'),
('24', 'ANTASIDA DOEN TABLET ERELLA', 11, 1349, 1900, 'null'),
('248', 'LANADEXON 0,5MG', 11, 1155, 7900, 'null'),
('252', 'LERZIN SYRUP', 2, 4620, 3000, 'null'),
('26001', 'UNI BABY COUGH', 5, 3237, 5400, 'null'),
('285', 'MEFINAL 500 MG', 38, 11700, 6000, 'null'),
('287', 'MEFINTER 500MG', 41, 5544, 1800, 'null'),
('29', 'ASAM MEFENAMAT', 2, 1550, 3000, 'null'),
('3010', 'TRODEX TAB', 2, 1000, 2200, 'null'),
('32', 'ASCAPS TABLET', 5, 3000, 4000, 'null'),
('3311223305', 'ERMETHASONE 0.5 MG', 1, 800, 5800, 'null'),
('33112233115533', 'ERLAMYCETIN SALEP MATA', 5, 4804, 5300, 'null'),
('3426', 'RENADINAC 50 MG', 8, 2150, 3000, 'null'),
('34514312', 'MASKER EAR LOOP', 4, 370, 14900, 'null'),
('3487', 'YUSIMOX TABLET', 12, 3720, 4900, 'null'),
('401230', 'NEO HORMOVITON', 33, 1030, 1100, 'null'),
('4042809274554', 'HYPAFIX', 1, 12010, 13200, 'null'),
('4101412100', 'ALOFAR 100 MG', 3, 1500, 2700, 'null'),
('411', 'ALLERON 4 MG', 19, 1243, 2200, 'null'),
('4111174', 'ALVITA TABLET', 9, 2000, 3700, 'null'),
('41141247', 'ALPARA TABLET', 11, 5940, 6300, 'null'),
('4170', 'AITO TETES MATA', 4, 6600, 7300, 'null'),
('4174637117', 'ANACETIN 60 ML', 3, 4750, 8000, 'null'),
('4453', 'SUPERTETRA KAPSUL', 5, 5275, 5800, 'null'),
('4454', 'KASA STERIL', 3, 3670, 1000, 'null'),
('4502174', 'DEXANTA TABLET', 37, 2035, 3000, 'null'),
('4563', 'GRATHAZONE 0.5 MG', 3, 925, 2000, 'null'),
('4671017', 'HEMAVITON ACTION', 65, 995, 1200, 'null'),
('4987176600554', 'VICKS VAPORUB 10 GR', 30, 5891, 6000, 'null'),
('4987188567227', 'BYE BYE FEVER ANAK', 24, 8715, 9200, 'null'),
('5001235', 'FAXIDEN 20 MG', 1, 1485, 3000, 'null'),
('5003', 'NOVAFLOX 500 MG', 9, 3900, 5000, 'null'),
('5007', 'NUFADOL 500 MG', 5, 1936, 2800, 'null'),
('5009', 'NYMIKO DROP', 8, 32725, 36700, 'null'),
('5112364', 'FLUCADEX TABLET', 1, 3129, 3400, 'null'),
('5130', 'PIROXICAM 20 MG FM KAPSUL', 7, 1350, 2800, 'null'),
('53', 'BINOTAL 500MG', 53, 3318, 4500, 'null'),
('534005633', 'NOVAMAG 60ML', 26, 2000, 3500, 'null'),
('541730112', 'SANMOL DROP', 10, 15000, 17400, 'null'),
('54173495', 'SANMAG 120 ML', 19, 24860, 29700, 'null'),
('54865235', 'FARGOXIN 0.25 MG', 2, 2000, 1800, 'null'),
('55', 'BINTAMOX SYRUP', 21, 4000, 6300, 'null'),
('55221445', 'FENAMIN 500 MG', 1, 2350, 2700, 'null'),
('5536', 'NORELUT 5 MG', 11, 4215, 5000, 'null'),
('5743', 'HEMAVITON STAMINA', 58, 925, 1100, 'null'),
('5896', 'FUROSEMID 40 MG', 8, 1100, 10800, 'null'),
('6411', 'CAVICUR TABLET', 49, 4950, 6200, 'null'),
('6412', 'CARROL SAK', 117, 1300, 2000, 'null'),
('6413461176', 'CHRYSANTHEMUM (CHI HWA CING)', 27, 1600, 4300, 'null'),
('6920380501345', 'PI KANG SHUANG BIRU', 4, 10000, 12700, 'null'),
('72227', 'BODREXIN TABLET', 32, 1463, 2000, 'null'),
('753146', 'GRANTUSIF', 14, 3720, 4700, 'null'),
('7916248847', 'TAWON DD', 7, 14300, 15700, 'null'),
('8298', 'SANMOL TABLET', 16, 1000, 1600, 'null'),
('8306301041', 'BORAXGLYCEROL 5% 15ML', 8, 4840, 5500, 'null'),
('8374', 'OMEPRAZOLE 20 MG', 3, 6014, 5000, 'null'),
('841', 'OBH ITRASAL', 7, 3400, 5200, 'null'),
('8521', 'NOVATRIM TABLET', 12, 1500, 2500, 'null'),
('8886029101049', 'ULTRAFLU', 8, 2276, 2800, 'null'),
('89686535143', 'SUN KACANG HIJAU', 4, 6650, 7300, 'null'),
('8990999160019', 'BRONCHITIN 50 ML', 5, 6134, 5900, 'null'),
('8991111152059', 'MYLANTA 50 ML', 6, 9757, 10700, 'null'),
('89917015', 'VITACIMIN SWEETLET', 21, 1236, 1700, 'null'),
('8991771200398', 'VITACIMIN ORANGE', 37, 1236, 1700, 'null'),
('8992003782354', 'ANTANGIN JRG CAIR', 2, 1628, 2100, 'null'),
('8992003784037', 'KULDON SARIAWAN', 39, 1710, 22200, 'null'),
('8992112014018', 'NEOZEP', 15, 1830, 2200, 'null'),
('8992112025021', 'DECOLGEN TABLET', 4, 1432, 9000, 'null'),
('8992112046125', 'DECOLSIN TABLET', 1, 2200, 1800, 'null'),
('8992112051211', 'DECOLGEN 60 ML', 5, 7769, 12400, 'null'),
('8992112053024', 'GASTRAN TABLET', 6, 1000, 2800, 'null'),
('8992695120205', 'PANADOL HIJAU TABLET', 2, 8234, 9000, 'null'),
('8992696407688', 'DANCOW 1+ 800 GR VANILA', 3, 80400, 1800, 'null'),
('8992799154014', 'DULCOLAX ISI 4', 3, 4724, 2000, 'null'),
('8992799160701', 'PHARMATON FORMULA', 7, 3374, 3500, 'null'),
('8992802220033', 'PRENAGEN MOMMY STROBERI', 3, 33319, 38900, 'null'),
('8992802512121', 'MILNA TUMIS HATI AYAM BROKOLI', 8, 12925, 10800, 'null'),
('8992828831534', 'LASERIN DEWASA 60ML', 9, 6400, 5600, 'null'),
('8992828881782', 'AMBEVEN KAPSUL', 3, 12705, 13200, 'null'),
('8992828889887', 'VERILE ACNE GEL 10G', 9, 13409, 14900, 'null'),
('8992837199748', 'VOLTAREN CREAM 5 GR', 3, 21120, 24300, 'null'),
('8992843100158', 'BETADINE 15ML', 6, 8470, 9400, 'null'),
('8992843100301', 'BETADINE 30ML', 7, 15675, 17500, 'null'),
('8992846223038', 'SENSITIV TES HAMIL', 3, 19965, 20700, 'null'),
('8992858245516', 'KALPANAK CREAM', 7, 6270, 7300, 'null'),
('8992858253313', 'MYCORAL CREAM', 10, 9900, 4000, 'null'),
('8992858564006', 'PROMAG GAZERO', 19, 900, 1900, 'null'),
('8992858664706', 'PROMAG TABLET', 8, 4582, 5600, 'null'),
('8992858687309', 'PERMEN WOODS LEMON', 5, 2310, 3000, 'null'),
('8992858687408', 'PERMEN WOODS CHERRY', 4, 2310, 3000, 'null'),
('8992858690200', 'XONCE TABLET', 12, 1155, 1600, 'null'),
('8992959002049', 'SWEETY PANT M36 +2', 4, 62375, 66000, 'null'),
('8992959508022', 'SWEETY POPOK L20', 12, 31950, 33900, 'null'),
('8992959508039', 'SWEETY POPOK M10', 2, 14900, 15900, 'null'),
('8992959508893', 'SWEETY PANT S10', 7, 13250, 14200, 'null'),
('8993014522328', 'PARAM KOCOK 75 ML', 5, 11199, 12900, 'null'),
('8993014730112', 'MADURASA JERUK', 8, 757, 16900, 'null'),
('8993058300401', 'KOMIX PEPERMINT', 11, 650, 1800, 'null'),
('8993058300500', 'KOMIX JAHE', 8, 650, 800, 'null'),
('8993058300807', 'KOMIX JERUK NIPIS', 6, 650, 800, 'null'),
('8993113035057', 'OBH COMBI PLUS 60 ML MADU', 4, 9471, 10700, 'null'),
('8993113232067', 'LACTACYD FEMININE', 4, 19690, 1500, 'null'),
('8993176110074', 'MKP LANG 60ML', 5, 14667, 2200, 'null'),
('8993176110104', 'GPU 60 ML', 3, 11733, 13000, 'null'),
('8993176111354', 'TELON LANG TRIPLE ACTION 60ML', 5, 13383, 14900, 'null'),
('8993176803099', 'TELON LANG 60 ML', 7, 12833, 14500, 'null'),
('8993176803105', 'TELON LANG 100ML', 10, 19983, 22600, 'null'),
('8993176803198', 'TELON LANG15ML', 10, 3000, 4800, 'null'),
('8993176803204', 'MINYAK GANDAPURA LANG 60 ML', 5, 9717, 9900, 'null'),
('8993189270826', 'MAMY POKO L8', 13, 14318, 1000, 'null'),
('8993212111089', 'COMBANTRIN 250 MG', 30, 10000, 5900, 'null'),
('8993218330019', 'MEXTRIL TABLET', 2, 900, 19200, 'null'),
('8993338005033', 'KOYO CABE', 34, 654, 2600, 'null'),
('8993347006847', 'MICROLAX GEL', 5, 19250, 13700, 'null'),
('8993347012305', 'ALBOTHYL 5 ML', 3, 23100, 25800, 'null'),
('8993347013517', 'POLYSILANE MAXX BLUEBERRY', 2, 5775, 7000, 'null'),
('8993347015160', 'VIOSTIN DS ISI 50', 5, 29150, 31800, 'null'),
('8993365140356', 'MADU TJ KURMA 150ML', 7, 12750, 1300, 'null'),
('8993424000256', 'COPAL CHEST RUB', 6, 13200, 11400, 'null'),
('89934982102278', 'LIVRON B PLEX TABLET', 3, 2200, 16200, 'null'),
('8993515100537', 'CTM TABLET', 5, 504, 23700, 'null'),
('8993515361075', 'PIMTRAKOL 60 ML', 1, 7380, 7600, 'null'),
('8993515361136', 'PIMACOLIN APEL', 7, 6290, 7000, 'null'),
('8993515361143', 'PIMACOLIN SUSU 60 ML', 6, 5525, 6000, 'null'),
('8993560022006', 'DETTOL 50 ML', 12, 5228, 2800, 'null'),
('8994254001215', 'HUFAGRIP TMP', 3, 10593, 11200, 'null'),
('8994254001222', 'HUFAGRIP BP', 9, 12293, 13400, 'null'),
('8994472000014', 'KAPAK 3 ML', 6, 4083, 4900, 'null'),
('8994573000807', 'SANGOBION KAPSUL', 28, 997, 1150, 'null'),
('8995179100182', 'MINYAK TELON GAJAH 60ML', 4, 12250, 1700, 'null'),
('8995179100199', 'MINYAK TELON GAJAH 120ML', 6, 23500, 4800, 'null'),
('8995179100397', 'MINYAK GONDOPURO GAJAH 50 ML', 2, 8000, 26500, 'null'),
('8995201800011', 'COUNTERPAIN 15 GR', 3, 20790, 12900, 'null'),
('8995858189026', 'MIXAGRIP FLU DAN BATUK', 54, 1560, 19500, 'null'),
('8995858888882', 'MIXADIN OBAT BATUK', 12, 1155, 2000, 'null'),
('8995858999991', 'MIXAGRIP FLU', 53, 1524, 2000, 'null'),
('8997001061012', 'POPOKU S10', 1, 10900, 11900, 'null'),
('8997001061128', 'POPOKU M20', 6, 27700, 28200, 'null'),
('8997001061210', 'POPOKU L10', 16, 14900, 15900, 'null'),
('8997006560329', 'GENTONG MAS', 5, 45000, 47200, 'null'),
('8997009230014', 'CITOCETIN 60 ML', 21, 4589, 5000, 'null'),
('8997011200050', 'DECADRYL 60ML', 20, 12650, 2500, 'null'),
('8997021870052', 'FRESH CARE GREEN TEA', 6, 9817, 3700, 'null'),
('8997024800018', 'GARCIA', 5, 86000, 95000, 'null'),
('8998667100084', 'KONIDIN TABLET', 10, 1474, 900, 'null'),
('8998667100206', 'PARAMEX TABLET', 23, 1749, 2200, 'null'),
('8998667101395', 'RENOVIT STRIP', 5, 7800, 9600, 'null'),
('8998667101432', 'PARAMEX FLU DAN BATUK', 3, 1562, 2200, 'null'),
('8998667300330', 'TERMOREX PLUS 30 ML', 3, 6250, 7500, 'null'),
('8998667300484', 'SILADEX HIJAU 30ML', 1, 5000, 7000, 'null'),
('8998667400269', 'MKP KONICARE 60ML', 7, 17490, 16400, 'null'),
('8998777110164', 'ASMASOHO TABLET', 5, 1773, 2200, 'null'),
('8998898280401', 'TOLAK ANGIN FLU', 6, 1737, 2000, 'null'),
('8999099919619', 'SGM SOYA 3 400GR VANILA', 2, 49500, 52600, 'null'),
('8999099920462', 'SGM 1 400MG', 4, 31850, 34300, 'null'),
('8999225785545', 'KANNA 15GR', 9, 8500, 8300, 'null'),
('8999777019891', 'HANSAPLAST 1 METER', 3, 2523, 3600, 'null'),
('8999809400017', 'NATUR-E 4X4', 43, 15134, 17400, 'null'),
('8999809400024', 'NATUR-E', 18, 3321, 4300, 'null'),
('8999809500946', 'PARATUSIN TABLET', 8, 7479, 7500, 'null'),
('8999908000101', 'NEO RHEUMACYL TABLET', 54, 6871, 7900, 'null'),
('8999908000200', 'BODREX TABLET', 43, 2675, 3300, 'null'),
('8999908304100', 'BODREXIN DEMAM 60 ML', 78, 1463, 7500, 'null'),
('9', 'AMOXICILLIN NOVA 5000', 14, 3200, 5000, 'null'),
('90', 'CATAFLAM 50MG', 21, 4986, 6200, 'null'),
('905200871125', 'SRITI CREAM', 16, 3000, 4000, 'null'),
('9221', 'GLIBENCLAMIDE 5 MG', 3, 800, 1030, 'null'),
('9348', 'VOLTADEX', 1, 3200, 5000, 'null'),
('9556019242050', 'SENSODYNE SIKAT MULTIACTION IS', 6, 9600, 11000, 'null');

-- --------------------------------------------------------

--
-- Table structure for table `hutang`
--

CREATE TABLE IF NOT EXISTS `hutang` (
  `NO_FAKTUR` varchar(10) NOT NULL DEFAULT '',
  `KODE_SUPP` varchar(5) NOT NULL DEFAULT '',
  `NAMA_SUPP` varchar(35) NOT NULL DEFAULT '',
  `TGL_PEMBAYARAN` date NOT NULL DEFAULT '0000-00-00',
  `JML_BAYAR` int(11) DEFAULT NULL,
  `KET` tinyint(1) DEFAULT NULL,
  KEY `NO_FAKTUR` (`NO_FAKTUR`)
) ENGINE=InnoDB DEFAULT CHARSET=latin1;

--
-- Dumping data for table `hutang`
--


-- --------------------------------------------------------

--
-- Table structure for table `katagori`
--

CREATE TABLE IF NOT EXISTS `katagori` (
  `KODE_KAT` varchar(5) NOT NULL DEFAULT '',
  `NAMA_KAT` varchar(15) NOT NULL DEFAULT '',
  PRIMARY KEY (`KODE_KAT`)
) ENGINE=InnoDB DEFAULT CHARSET=latin1;

--
-- Dumping data for table `katagori`
--


-- --------------------------------------------------------

--
-- Table structure for table `nota`
--

CREATE TABLE IF NOT EXISTS `nota` (
  `nota_id` int(11) DEFAULT NULL,
  UNIQUE KEY `nota_id` (`nota_id`)
) ENGINE=MyISAM DEFAULT CHARSET=latin1;

--
-- Dumping data for table `nota`
--

INSERT INTO `nota` (`nota_id`) VALUES
(10051);

-- --------------------------------------------------------

--
-- Table structure for table `pelanggan`
--

CREATE TABLE IF NOT EXISTS `pelanggan` (
  `KODE_PEL` varchar(5) NOT NULL DEFAULT '',
  `NAMA` varchar(35) NOT NULL DEFAULT '',
  `ALAMAT` varchar(30) DEFAULT NULL,
  `KOTA` varchar(20) DEFAULT NULL,
  `PROPINSI` varchar(25) DEFAULT NULL,
  `KODE_POS` varchar(7) DEFAULT NULL,
  `EMAIL` varchar(25) DEFAULT NULL,
  `TELP_1` varchar(13) DEFAULT NULL,
  `TELP_2` varchar(13) DEFAULT NULL,
  `NO_KTP` varchar(18) DEFAULT NULL,
  PRIMARY KEY (`KODE_PEL`),
  UNIQUE KEY `NO_KTP` (`NO_KTP`)
) ENGINE=InnoDB DEFAULT CHARSET=latin1;

--
-- Dumping data for table `pelanggan`
--

INSERT INTO `pelanggan` (`KODE_PEL`, `NAMA`, `ALAMAT`, `KOTA`, `PROPINSI`, `KODE_POS`, `EMAIL`, `TELP_1`, `TELP_2`, `NO_KTP`) VALUES
('-', '-', '-', '-', '-', '-', '-', '-', '-', '-'),
('10567', 'M. Nuryanto', 'Jl. Sukasari', 'Bandung', 'Jawa Barat', '40183', 'nuryanto_mi13@yahoo.com', '085720103231', NULL, '666666666666666');

-- --------------------------------------------------------

--
-- Table structure for table `pembelian`
--

CREATE TABLE IF NOT EXISTS `pembelian` (
  `NO_FAKTUR` varchar(10) NOT NULL DEFAULT '',
  `TOTAL` int(11) DEFAULT NULL,
  `DISC` int(11) DEFAULT NULL,
  `TOTAL_ALL` int(11) DEFAULT NULL,
  `TGL_ORDER` date DEFAULT NULL,
  `KET` tinyint(3) DEFAULT NULL,
  `KODE_SUPP` varchar(5) DEFAULT NULL,
  `nama` varchar(35) DEFAULT NULL,
  `TGL_BAYAR` date DEFAULT NULL,
  PRIMARY KEY (`NO_FAKTUR`),
  KEY `KODE_SUPP` (`KODE_SUPP`)
) ENGINE=InnoDB DEFAULT CHARSET=latin1;

--
-- Dumping data for table `pembelian`
--

INSERT INTO `pembelian` (`NO_FAKTUR`, `TOTAL`, `DISC`, `TOTAL_ALL`, `TGL_ORDER`, `KET`, `KODE_SUPP`, `nama`, `TGL_BAYAR`) VALUES
('1', 1, 1, 10, NULL, 2, NULL, NULL, NULL);

-- --------------------------------------------------------

--
-- Table structure for table `pembelian_det`
--

CREATE TABLE IF NOT EXISTS `pembelian_det` (
  `NO_FAKTUR` varchar(10) NOT NULL DEFAULT '',
  `KODE_ITEM` varchar(15) NOT NULL DEFAULT '',
  `NAMA_ITEM` varchar(30) NOT NULL DEFAULT '',
  `HARGA_BELI` int(11) DEFAULT NULL,
  `BNY` int(11) DEFAULT NULL,
  `DISC` int(11) DEFAULT NULL,
  `SUB_TOTAL` int(11) DEFAULT NULL,
  KEY `NO_FAKTUR` (`NO_FAKTUR`)
) ENGINE=InnoDB DEFAULT CHARSET=latin1;

--
-- Dumping data for table `pembelian_det`
--


-- --------------------------------------------------------

--
-- Table structure for table `penjualan`
--

CREATE TABLE IF NOT EXISTS `penjualan` (
  `NO_NOTA` varchar(10) NOT NULL DEFAULT '',
  `TOTAL` int(11) DEFAULT NULL,
  `DISC` int(11) DEFAULT NULL,
  `TOTAL_ALL` int(11) DEFAULT NULL,
  `TGL_ORDER` date DEFAULT NULL,
  `KET` tinyint(3) DEFAULT NULL,
  `KODE_PEL` varchar(5) DEFAULT NULL,
  `nama` varchar(35) DEFAULT NULL,
  `TGL_BAYAR` date DEFAULT NULL,
  PRIMARY KEY (`NO_NOTA`),
  KEY `KODE_PEL` (`KODE_PEL`)
) ENGINE=InnoDB DEFAULT CHARSET=latin1;

--
-- Dumping data for table `penjualan`
--

INSERT INTO `penjualan` (`NO_NOTA`, `TOTAL`, `DISC`, `TOTAL_ALL`, `TGL_ORDER`, `KET`, `KODE_PEL`, `nama`, `TGL_BAYAR`) VALUES
('1630', 21300, 0, 21300, '2015-07-09', 0, '-', '-', '2015-07-09'),
('1631', 22800, 0, 22800, '2015-07-09', 0, '-', '-', '2015-07-09'),
('1632', 1900, 0, 1900, '2015-07-09', 0, '-', '-', '2015-07-09'),
('1633', 36700, 0, 36700, '2015-07-09', 0, '-', '-', '2015-07-09'),
('1634', 21800, 0, 21800, '2015-07-09', 0, '-', '-', '2015-07-09'),
('1635', 1700, 0, 1700, '2015-07-09', 0, '-', '-', '2015-07-09'),
('1636', 6800, 0, 6800, '2015-07-09', 0, '-', '-', '2015-07-09'),
('1637', 7500, 0, 7500, '2015-07-09', 0, '-', '-', '2015-07-09'),
('1638', 2200, 0, 2200, '2015-07-09', 0, '-', '-', '2015-07-09'),
('1639', 9000, 0, 9000, '2015-07-09', 0, '-', '-', '2015-07-09'),
('1640', 33900, 0, 33900, '2015-07-09', 0, '-', '-', '2015-07-09'),
('1641', 11900, 0, 11900, '2015-07-09', 0, '-', '-', '2015-07-09'),
('1642', 5000, 0, 5000, '2015-07-09', 0, '-', '-', '2015-07-09'),
('1643', 5000, 0, 5000, '2015-07-09', 0, '-', '-', '2015-07-09'),
('1644', 14900, 0, 14900, '2015-07-09', 0, '-', '-', '2015-07-09'),
('1645', 5800, 0, 5800, '2015-07-09', 0, '-', '-', '2015-07-09'),
('1646', 5400, 0, 5400, '2015-07-09', 0, '-', '-', '2015-07-09'),
('1647', 9000, 0, 9000, '2015-07-09', 0, '-', '-', '2015-07-09'),
('1648', 6700, 0, 6700, '2015-07-09', 0, '-', '-', '2015-07-09'),
('1649', 8300, 0, 8300, '2015-07-09', 0, '-', '-', '2015-07-09'),
('1650', 28500, 0, 28500, '2015-07-09', 0, '-', '-', '2015-07-09'),
('1651', 4300, 0, 4300, '2015-07-09', 0, '-', '-', '2015-07-09'),
('1652', 9500, 0, 9500, '2015-07-09', 0, '-', '-', '2015-07-09'),
('1653', 16700, 0, 16700, '2015-07-09', 0, '-', '-', '2015-07-09'),
('1654', 4600, 0, 4600, '2015-07-09', 0, '-', '-', '2015-07-09'),
('1655', 14900, 0, 14900, '2015-07-09', 0, '-', '-', '2015-07-09'),
('1656', 45300, 0, 45300, '2015-07-09', 0, '-', '-', '2015-07-09'),
('1657', 17800, 0, 17800, '2015-07-09', 0, '-', '-', '2015-07-09'),
('1658', 10200, 0, 10200, '2015-07-09', 0, '-', '-', '2015-07-09'),
('1659', 5400, 0, 5400, '2015-07-09', 0, '-', '-', '2015-07-09'),
('1660', 7000, 0, 7000, '2015-07-09', 0, '-', '-', '2015-07-09'),
('1661', 28500, 0, 28500, '2015-07-09', 0, '-', '-', '2015-07-09'),
('1662', 4500, 0, 4500, '2015-07-09', 0, '-', '-', '2015-07-09'),
('1663', 12400, 0, 12400, '2015-07-09', 0, '-', '-', '2015-07-09'),
('1664', 10700, 0, 10700, '2015-07-09', 0, '-', '-', '2015-07-09'),
('1665', 5600, 0, 5600, '2015-07-09', 0, '-', '-', '2015-07-09'),
('1666', 5000, 0, 5000, '2015-07-09', 0, '-', '-', '2015-07-09'),
('1667', 12100, 0, 12100, '2015-07-09', 0, '-', '-', '2015-07-09'),
('1668', 1150, 0, 1150, '2015-07-09', 0, '-', '-', '2015-07-09'),
('1669', 25800, 0, 25800, '2015-07-09', 0, '-', '-', '2015-07-09'),
('1670', 28200, 0, 28200, '2015-07-09', 0, '-', '-', '2015-07-09'),
('1671', 14900, 0, 14900, '2015-07-09', 0, '-', '-', '2015-07-09'),
('1672', 13400, 0, 13400, '2015-07-09', 0, '-', '-', '2015-07-09'),
('1673', 7300, 0, 7300, '2015-07-09', 0, '-', '-', '2015-07-09'),
('1674', 2000, 0, 2000, '2015-07-09', 0, '-', '-', '2015-07-09'),
('1675', 9900, 0, 9900, '2015-07-09', 0, '-', '-', '2015-07-09'),
('1676', 19600, 0, 19600, '2015-07-09', 0, '-', '-', '2015-07-09'),
('1677', 5200, 0, 5200, '2015-07-09', 0, '-', '-', '2015-07-09'),
('1678', 21300, 0, 21300, '2015-07-09', 0, '-', '-', '2015-07-09'),
('1679', 10600, 0, 10600, '2015-07-09', 0, '-', '-', '2015-07-09'),
('1680', 16200, 0, 16200, '2015-07-09', 0, '-', '-', '2015-07-09'),
('1681', 6200, 0, 6200, '2015-07-09', 0, '-', '-', '2015-07-09'),
('1682', 7600, 0, 7600, '2015-07-09', 0, '-', '-', '2015-07-09'),
('1683', 10800, 0, 10800, '2015-07-09', 0, '-', '-', '2015-07-09'),
('1684', 10300, 0, 10300, '2015-07-09', 0, '-', '-', '2015-07-09'),
('1685', 15700, 0, 15700, '2015-07-09', 0, '-', '-', '2015-07-09'),
('1686', 7000, 0, 7000, '2015-07-09', 0, '-', '-', '2015-07-09'),
('1688', 1200, 0, 1200, '2015-07-09', 0, '-', '-', '2015-07-09'),
('1689', 10800, 0, 10800, '2015-07-09', 0, '-', '-', '2015-07-09'),
('1690', 48350, 0, 48350, '2015-07-09', 0, '-', '-', '2015-07-09'),
('1691', 3300, 0, 3300, '2015-07-09', 0, '-', '-', '2015-07-09'),
('1692', 3000, 0, 3000, '2015-07-09', 0, '-', '-', '2015-07-09'),
('1693', 31300, 0, 31300, '2015-07-09', 0, '-', '-', '2015-07-09'),
('1694', 7900, 0, 7900, '2015-07-09', 0, '-', '-', '2015-07-09'),
('1695', 4400, 0, 4400, '2015-07-09', 0, '-', '-', '2015-07-09'),
('1696', 6200, 0, 6200, '2015-07-09', 0, '-', '-', '2015-07-09'),
('1697', 7000, 0, 7000, '2015-07-09', 0, '-', '-', '2015-07-09'),
('1698', 29600, 0, 29600, '2015-07-09', 0, '-', '-', '2015-07-09'),
('1699', 8400, 0, 8400, '2015-07-09', 0, '-', '-', '2015-07-09'),
('1700', 33500, 0, 33500, '2015-07-09', 0, '-', '-', '2015-07-09'),
('1701', 15900, 0, 15900, '2015-07-09', 0, '-', '-', '2015-07-09'),
('1702', 21500, 0, 21500, '2015-07-09', 0, '-', '-', '2015-07-09'),
('1703', 17500, 0, 17500, '2015-07-09', 0, '-', '-', '2015-07-09'),
('1704', 12700, 0, 12700, '2015-07-09', 0, '-', '-', '2015-07-09'),
('1705', 12200, 0, 12200, '2015-07-09', 0, '-', '-', '2015-07-09'),
('1706', 11200, 0, 11200, '2015-07-09', 0, '-', '-', '2015-07-09'),
('1707', 19900, 0, 19900, '2015-07-09', 0, '-', '-', '2015-07-09'),
('1708', 9400, 0, 9400, '2015-07-09', 0, '-', '-', '2015-07-09'),
('1709', 3000, 0, 3000, '2015-07-09', 0, '-', '-', '2015-07-09'),
('1710', 38500, 0, 38500, '2015-07-09', 0, '-', '-', '2015-07-09'),
('1711', 21300, 0, 21300, '2015-07-09', 0, '-', '-', '2015-07-09'),
('1712', 9900, 0, 9900, '2015-07-09', 0, '-', '-', '2015-07-09'),
('1713', 12900, 0, 12900, '2015-07-09', 0, '-', '-', '2015-07-09'),
('1714', 6000, 0, 6000, '2015-07-09', 0, '-', '-', '2015-07-09'),
('1715', 4300, 0, 4300, '2015-07-09', 0, '-', '-', '2015-07-09'),
('1716', 8400, 0, 8400, '2015-07-09', 0, '-', '-', '2015-07-09'),
('1717', 11200, 0, 11200, '2015-07-09', 0, '-', '-', '2015-07-09'),
('1718', 3000, 0, 3000, '2015-07-09', 0, '-', '-', '2015-07-09'),
('1719', 7300, 0, 7300, '2015-07-09', 0, '-', '-', '2015-07-09'),
('1720', 10300, 0, 10300, '2015-07-09', 0, '-', '-', '2015-07-09'),
('1721', 5900, 0, 5900, '2015-07-09', 0, '-', '-', '2015-07-09'),
('1722', 8500, 0, 8500, '2015-07-09', 0, '-', '-', '2015-07-09'),
('1723', 8000, 0, 8000, '2015-07-09', 0, '-', '-', '2015-07-09'),
('1724', 10700, 0, 10700, '2015-07-09', 0, '-', '-', '2015-07-09'),
('1725', 15800, 0, 15800, '2015-07-09', 0, '-', '-', '2015-07-09'),
('1726', 11400, 0, 11400, '2015-07-09', 0, '-', '-', '2015-07-09'),
('1727', 28800, 0, 28800, '2015-07-09', 0, '-', '-', '2015-07-09'),
('1728', 2500, 0, 2500, '2015-07-09', 0, '-', '-', '2015-07-09'),
('1729', 23700, 0, 23700, '2015-07-09', 0, '-', '-', '2015-07-09'),
('1730', 5000, 0, 5000, '2015-07-09', 0, '-', '-', '2015-07-09'),
('1731', 20400, 0, 20400, '2015-07-09', 0, '-', '-', '2015-07-09'),
('1732', 5000, 0, 5000, '2015-07-09', 0, '-', '-', '2015-07-09'),
('1733', 1900, 0, 1900, '2015-07-09', 0, '-', '-', '2015-07-09'),
('1734', 4500, 0, 4500, '2015-07-09', 0, '-', '-', '2015-07-09'),
('1735', 2400, 0, 2400, '2015-07-09', 0, '-', '-', '2015-07-09'),
('1736', 6500, 0, 6500, '2015-07-09', 0, '-', '-', '2015-07-09'),
('1737', 1700, 0, 1700, '2015-07-09', 0, '-', '-', '2015-07-09'),
('1738', 26500, 0, 26500, '2015-07-09', 0, '-', '-', '2015-07-09'),
('1739', 15900, 0, 15900, '2015-07-09', 0, '-', '-', '2015-07-09'),
('1740', 7500, 0, 7500, '2015-07-09', 0, '-', '-', '2015-07-09'),
('1741', 7400, 0, 7400, '2015-07-09', 0, '-', '-', '2015-07-09'),
('1742', 10500, 0, 10500, '2015-07-09', 0, '-', '-', '2015-07-09'),
('1743', 12400, 0, 12400, '2015-07-09', 0, '-', '-', '2015-07-09'),
('1744', 4800, 0, 4800, '2015-07-09', 0, '-', '-', '2015-07-09'),
('1745', 2200, 0, 2200, '2015-07-09', 0, '-', '-', '2015-07-09'),
('1746', 14900, 0, 14900, '2015-07-09', 0, '-', '-', '2015-07-09'),
('1747', 19200, 0, 19200, '2015-07-09', 0, '-', '-', '2015-07-09'),
('1748', 7500, 0, 7500, '2015-07-09', 0, '-', '-', '2015-07-09'),
('1749', 15400, 0, 15400, '2015-07-09', 0, '-', '-', '2015-07-09'),
('1750', 37400, 0, 37400, '2015-07-09', 0, '-', '-', '2015-07-09'),
('1751', 8600, 0, 8600, '2015-07-09', 0, '-', '-', '2015-07-09'),
('1752', 5500, 0, 5500, '2015-07-09', 0, '-', '-', '2015-07-09'),
('1753', 6000, 0, 6000, '2015-07-09', 0, '-', '-', '2015-07-09'),
('1754', 6300, 0, 6300, '2015-07-09', 0, '-', '-', '2015-07-09'),
('1755', 7000, 0, 7000, '2015-07-09', 0, '-', '-', '2015-07-09'),
('1756', 16400, 0, 16400, '2015-07-09', 0, '-', '-', '2015-07-09'),
('1757', 31200, 0, 31200, '2015-07-09', 0, '-', '-', '2015-07-09'),
('1758', 66000, 0, 66000, '2015-07-09', 0, '-', '-', '2015-07-09'),
('1759', 5900, 0, 5900, '2015-07-09', 0, '-', '-', '2015-07-09'),
('1760', 3500, 0, 3500, '2015-07-09', 0, '-', '-', '2015-07-09'),
('1761', 7600, 0, 7600, '2015-07-09', 0, '-', '-', '2015-07-09'),
('1762', 12900, 0, 12900, '2015-07-09', 0, '-', '-', '2015-07-09'),
('1763', 52600, 0, 52600, '2015-07-09', 0, '-', '-', '2015-07-09'),
('1764', 38900, 0, 38900, '2015-07-09', 0, '-', '-', '2015-07-09'),
('1765', 27300, 0, 27300, '2015-07-09', 0, '-', '-', '2015-07-09'),
('1766', 5000, 0, 5000, '2015-07-09', 0, '-', '-', '2015-07-09'),
('1767', 10200, 0, 10200, '2015-07-09', 0, '-', '-', '2015-07-09'),
('1768', 7000, 0, 7000, '2015-07-09', 0, '-', '-', '2015-07-09'),
('1769', 13200, 0, 13200, '2015-07-09', 0, '-', '-', '2015-07-09'),
('1770', 7900, 0, 7900, '2015-07-09', 0, '-', '-', '2015-07-09'),
('1771', 2800, 0, 2800, '2015-07-09', 0, '-', '-', '2015-07-09'),
('1772', 13500, 0, 13500, '2015-07-09', 0, '-', '-', '2015-07-09'),
('1773', 4200, 0, 4200, '2015-07-09', 0, '-', '-', '2015-07-09'),
('1774', 6500, 0, 6500, '2015-07-09', 0, '-', '-', '2015-07-09'),
('1775', 11400, 0, 11400, '2015-07-09', 0, '-', '-', '2015-07-09'),
('1776', 44500, 0, 44500, '2015-07-09', 0, '-', '-', '2015-07-09'),
('1777', 29700, 0, 29700, '2015-07-09', 0, '-', '-', '2015-07-09'),
('1778', 2600, 0, 2600, '2015-07-09', 0, '-', '-', '2015-07-09'),
('1779', 2200, 0, 2200, '2015-07-09', 0, '-', '-', '2015-07-09'),
('1780', 17400, 0, 17400, '2015-07-09', 0, '-', '-', '2015-07-09'),
('1781', 116700, 0, 116700, '2015-07-09', 0, '-', '-', '2015-07-09'),
('1782', 2000, 0, 2000, '2015-07-09', 0, '-', '-', '2015-07-09'),
('1783', 2000, 0, 2000, '2015-07-09', 0, '-', '-', '2015-07-09'),
('1784', 11400, 0, 11400, '2015-07-09', 0, '-', '-', '2015-07-09'),
('1785', 2800, 0, 2800, '2015-07-09', 0, '-', '-', '2015-07-09'),
('1786', 8100, 0, 8100, '2015-07-09', 0, '-', '-', '2015-07-09'),
('1787', 7300, 0, 7300, '2015-07-09', 0, '-', '-', '2015-07-09'),
('1788', 10100, 0, 10100, '2015-07-09', 0, '-', '-', '2015-07-09'),
('1789', 5200, 0, 5200, '2015-07-09', 0, '-', '-', '2015-07-09'),
('1790', 3500, 0, 3500, '2015-07-09', 0, '-', '-', '2015-07-09'),
('1791', 22600, 0, 22600, '2015-07-09', 0, '-', '-', '2015-07-09'),
('1792', 85300, 0, 85300, '2015-07-09', 0, '-', '-', '2015-07-09'),
('1793', 1030, 0, 1030, '2015-07-09', 0, '-', '-', '2015-07-09'),
('1794', 16100, 0, 16100, '2015-07-09', 0, '-', '-', '2015-07-09'),
('1795', 40200, 0, 40200, '2015-07-09', 0, '-', '-', '2015-07-09'),
('1796', 6200, 0, 6200, '2015-07-09', 0, '-', '-', '2015-07-09'),
('1797', 1300, 0, 1300, '2015-07-09', 0, '-', '-', '2015-07-09'),
('1798', 13000, 0, 13000, '2015-07-09', 0, '-', '-', '2015-07-09'),
('1799', 3200, 0, 3200, '2015-07-09', 0, '-', '-', '2015-07-09'),
('1800', 24300, 0, 24300, '2015-07-09', 0, '-', '-', '2015-07-09'),
('1801', 4900, 0, 4900, '2015-07-09', 0, '-', '-', '2015-07-09'),
('1802', 7900, 0, 7900, '2015-07-09', 0, '-', '-', '2015-07-09'),
('1803', 5600, 0, 5600, '2015-07-09', 0, '-', '-', '2015-07-09'),
('1804', 18200, 0, 18200, '2015-07-09', 0, '-', '-', '2015-07-09'),
('1805', 5800, 0, 5800, '2015-07-09', 0, '-', '-', '2015-07-09'),
('1806', 16900, 0, 16900, '2015-07-09', 0, '-', '-', '2015-07-09'),
('1807', 2000, 0, 2000, '2015-07-09', 0, '-', '-', '2015-07-09');

-- --------------------------------------------------------

--
-- Table structure for table `penjualan_det`
--

CREATE TABLE IF NOT EXISTS `penjualan_det` (
  `NO_NOTA` varchar(10) NOT NULL DEFAULT '',
  `KODE_ITEM` varchar(15) NOT NULL DEFAULT '',
  `NAMA_ITEM` varchar(30) NOT NULL DEFAULT '',
  `HARGA_JUAL` int(11) DEFAULT NULL,
  `BNY` int(11) DEFAULT NULL,
  `total` int(11) DEFAULT NULL,
  `DISC` int(11) DEFAULT NULL,
  `SUB_TOTAL` int(11) DEFAULT NULL,
  KEY `NO_NOTA` (`NO_NOTA`)
) ENGINE=InnoDB DEFAULT CHARSET=latin1;

--
-- Dumping data for table `penjualan_det`
--

INSERT INTO `penjualan_det` (`NO_NOTA`, `KODE_ITEM`, `NAMA_ITEM`, `HARGA_JUAL`, `BNY`, `total`, `DISC`, `SUB_TOTAL`) VALUES
('1630', '1131212', 'VERMINT ISI 12', 21300, 1, 21300, 0, 21300),
('1631', '8992858245516', 'KALPANAK CREAM', 7300, 1, 7300, 0, 7300),
('1631', '2037', 'MYCORAL TABLET', 4500, 3, 13500, 0, 13500),
('1631', '9556019242050', 'SENSODYNE SIKAT MULTIACTION IS', 11000, 1, 11000, 0, 11000),
('1632', '8992858564006', 'PROMAG GAZERO', 1900, 3, 5700, 0, 5700),
('1633', '5009', 'NYMIKO DROP', 36700, 1, 36700, 0, 36700),
('1634', '8993347015160', 'VIOSTIN DS ISI 50', 31800, 1, 31800, 0, 31800),
('1635', '89917015', 'VITACIMIN SWEETLET', 1700, 2, 3400, 0, 3400),
('1636', '1241745017', 'DANASONE TABLET', 1800, 3, 5400, 0, 5400),
('1636', '9348', 'VOLTADEX', 5000, 3, 15000, 0, 15000),
('1637', '8998667300330', 'TERMOREX PLUS 30 ML', 7500, 1, 7500, 0, 7500),
('1638', '8998777110164', 'ASMASOHO TABLET', 2200, 1, 2200, 0, 2200),
('1639', '9', 'AMOXICILLIN NOVA 5000', 5000, 1, 5000, 0, 5000),
('1639', '32', 'ASCAPS TABLET', 4000, 1, 4000, 0, 4000),
('1640', '8992828881782', 'AMBEVEN KAPSUL', 13200, 1, 13200, 0, 13200),
('1640', '164', 'ICHTIYOL', 6200, 1, 6200, 0, 6200),
('1640', '8993176803099', 'TELON LANG 60 ML', 14500, 1, 14500, 0, 14500),
('1641', '8997001061012', 'POPOKU S10', 11900, 1, 11900, 0, 11900),
('1642', '9', 'AMOXICILLIN NOVA 5000', 5000, 1, 5000, 0, 5000),
('1643', '8995858189026', 'MIXAGRIP FLU DAN BATUK', 2000, 1, 2000, 0, 2000),
('1643', '1', 'TEST PACK ONE MED', 3000, 1, 3000, 0, 3000),
('1644', '8992858253313', 'MYCORAL CREAM', 10400, 1, 10400, 0, 10400),
('1644', '2037', 'MYCORAL TABLET', 4500, 5, 22500, 0, 22500),
('1645', '33112233115533', 'ERLAMYCETIN SALEP MATA', 5800, 1, 5800, 0, 5800),
('1646', '26001', 'UNI BABY COUGH', 5400, 1, 5400, 0, 5400),
('1647', '8992112051211', 'DECOLGEN 60 ML', 9000, 1, 9000, 0, 9000),
('1648', '117345', 'POLYCROL FORTE', 6700, 1, 6700, 0, 6700),
('1649', '8999225785545', 'KANNA 15GR', 8300, 1, 8300, 0, 8300),
('1650', '55', 'BINTAMOX SYRUP', 6300, 1, 6300, 0, 6300),
('1650', '8993113232067', 'LACTACYD FEMININE', 22200, 1, 22200, 0, 22200),
('1651', '1010', 'CHLORAMPENICOL', 4300, 1, 4300, 0, 4300),
('1652', '2011600', 'OBAR GIGI BURUNG KAKAK TUA', 9500, 1, 9500, 0, 9500),
('1653', '8990999160019', 'BRONCHITIN 50 ML', 5900, 1, 5900, 0, 5900),
('1653', '1007361015', 'MINYAK TELON GAJAH 15ML', 4800, 1, 4800, 0, 4800),
('1653', '4987176600554', 'VICKS VAPORUB 10 GR', 6000, 1, 6000, 0, 6000),
('1654', '8298', 'SANMOL TABLET', 1600, 1, 1600, 0, 1600),
('1654', '1', 'TEST PACK ONE MED', 3000, 1, 3000, 0, 3000),
('1655', '8993176111354', 'TELON LANG TRIPLE ACTION 60ML', 14900, 1, 14900, 0, 14900),
('1656', '8993176110074', 'MKP LANG 60ML', 16400, 1, 16400, 0, 16400),
('1656', '170111211', 'NOURISHSKIN ULTIMATE', 8200, 5, 41000, 0, 41000),
('1656', '8992846223038', 'SENSITIV TES HAMIL', 20700, 1, 20700, 0, 20700),
('1657', '90', 'CATAFLAM 50MG', 6200, 2, 12400, 0, 12400),
('1657', '3311223305', 'ERMETHASONE 0.5 MG', 1800, 2, 3600, 0, 3600),
('1657', '8993176803198', 'TELON LANG15ML', 4800, 1, 4800, 0, 4800),
('1657', '9348', 'VOLTADEX', 5000, 2, 10000, 0, 10000),
('1658', '4987188567227', 'BYE BYE FEVER ANAK', 9200, 5, 46000, 0, 46000),
('1658', '8993058300401', 'KOMIX PEPERMINT', 1000, 10, 10000, 0, 10000),
('1659', '8997009230014', 'CITOCETIN 60 ML', 5400, 1, 5400, 0, 5400),
('1660', '8998667300484', 'SILADEX HIJAU 30ML', 7000, 1, 7000, 0, 7000),
('1661', '8992843100301', 'BETADINE 30ML', 17500, 1, 17500, 0, 17500),
('1661', '4454', 'KASA STERIL', 7500, 1, 7500, 0, 7500),
('1661', '12111100', 'RIVANOL 100 ML', 3500, 1, 3500, 0, 3500),
('1662', '2037', 'MYCORAL TABLET', 4500, 2, 9000, 0, 9000),
('1663', '8997011200050', 'DECADRYL 60ML', 12400, 1, 12400, 0, 12400),
('1664', '8991111152059', 'MYLANTA 50 ML', 10700, 1, 10700, 0, 10700),
('1665', '252', 'LERZIN SYRUP', 5600, 1, 5600, 0, 5600),
('1666', '54865235', 'FARGOXIN 0.25 MG', 3000, 7, 21000, 0, 21000),
('1666', '5896', 'FUROSEMID 40 MG', 2000, 10, 20000, 0, 20000),
('1667', '2050', 'PONSTAN', 2300, 10, 23000, 0, 23000),
('1667', '905200871125', 'SRITI CREAM', 4000, 6, 24000, 0, 24000),
('1667', '4453', 'SUPERTETRA KAPSUL', 5800, 5, 29000, 0, 29000),
('1668', '8994573000807', 'SANGOBION KAPSUL', 1150, 10, 11500, 0, 11500),
('1669', '8993347012305', 'ALBOTHYL 5 ML', 25800, 1, 25800, 0, 25800),
('1670', '8997001061128', 'POPOKU M20', 28200, 1, 28200, 0, 28200),
('1671', '8992828889887', 'VERILE ACNE GEL 10G', 14900, 1, 14900, 0, 14900),
('1672', '8994254001222', 'HUFAGRIP BP', 13400, 1, 13400, 0, 13400),
('1673', '89686535143', 'SUN KACANG HIJAU', 7300, 1, 7300, 0, 7300),
('1674', '8998898280401', 'TOLAK ANGIN FLU', 2000, 12, 24000, 0, 24000),
('1675', '753146', 'GRANTUSIF', 4700, 1, 4700, 0, 4700),
('1675', '841', 'OBH ITRASAL', 5200, 1, 5200, 0, 5200),
('1676', '8999777019891', 'HANSAPLAST 1 METER', 3600, 1, 3600, 0, 3600),
('1676', '1450', 'KAPAS 50 GR', 5000, 1, 5000, 0, 5000),
('1676', '4454', 'KASA STERIL', 7500, 1, 7500, 0, 7500),
('1676', '12111100', 'RIVANOL 100 ML', 3500, 1, 3500, 0, 3500),
('1677', '6411', 'CAVICUR TABLET', 5200, 1, 5200, 0, 5200),
('1678', '1131212', 'VERMINT ISI 12', 21300, 1, 21300, 0, 21300),
('1679', '8999809400024', 'NATUR-E', 4300, 2, 8600, 0, 8600),
('1679', '2218', 'OXYTETRASIKLIN SALEP MATA', 4600, 1, 4600, 0, 4600),
('1679', '89917015', 'VITACIMIN SWEETLET', 1700, 1, 1700, 0, 1700),
('1680', '8993365140356', 'MADU TJ KURMA 150ML', 16200, 1, 16200, 0, 16200),
('1681', '164', 'ICHTIYOL', 6200, 1, 6200, 0, 6200),
('1682', '8993515361075', 'PIMTRAKOL 60 ML', 7600, 1, 7600, 0, 7600),
('1683', '8993176803204', 'MINYAK GANDAPURA LANG 60 ML', 10800, 1, 10800, 0, 10800),
('1684', '171243015', 'ITRAMOL 60 ML', 4300, 1, 4300, 0, 4300),
('1684', '4987176600554', 'VICKS VAPORUB 10 GR', 6000, 1, 6000, 0, 6000),
('1685', '7916248847', 'TAWON DD', 15700, 1, 15700, 0, 15700),
('1686', '8993347013517', 'POLYSILANE MAXX BLUEBERRY', 7000, 1, 7000, 0, 7000),
('1688', '4671017', 'HEMAVITON ACTION', 1200, 10, 12000, 0, 12000),
('1689', '8997021870052', 'FRESH CARE GREEN TEA', 10800, 1, 10800, 0, 10800),
('1690', '8997006560329', 'GENTONG MAS', 47200, 1, 47200, 0, 47200),
('1690', '8994573000807', 'SANGOBION KAPSUL', 1150, 10, 11500, 0, 11500),
('1691', '8999908000200', 'BODREX TABLET', 3300, 2, 6600, 0, 6600),
('1692', '1', 'TEST PACK ONE MED', 3000, 2, 6000, 0, 6000),
('1693', '8993347012305', 'ALBOTHYL 5 ML', 25800, 1, 25800, 0, 25800),
('1693', '8306301041', 'BORAXGLYCEROL 5% 15ML', 5500, 1, 5500, 0, 5500),
('1694', '8999908000101', 'NEO RHEUMACYL TABLET', 7900, 1, 7900, 0, 7900),
('1695', '8995858888882', 'MIXADIN OBAT BATUK', 1700, 1, 1700, 0, 1700),
('1695', '2364', 'TEOSAL TABLET', 2700, 2, 5400, 0, 5400),
('1696', '4502174', 'DEXANTA TABLET', 2700, 1, 2700, 0, 2700),
('1696', '534005633', 'NOVAMAG 60ML', 3500, 1, 3500, 0, 3500),
('1697', '8993515361136', 'PIMACOLIN APEL', 7000, 1, 7000, 0, 7000),
('1698', '8992802512121', 'MILNA TUMIS HATI AYAM BROKOLI ', 13700, 1, 13700, 0, 13700),
('1698', '8992959508039', 'SWEETY POPOK M10', 15900, 1, 15900, 0, 15900),
('1699', '20', 'ANDALAN', 5100, 4, 20400, 0, 20400),
('1699', '8991771200398', 'VITACIMIN ORANGE', 1700, 2, 3400, 0, 3400),
('1699', '8992858690200', 'XONCE TABLET', 1600, 1, 1600, 0, 1600),
('1700', '8992843100158', 'BETADINE 15ML', 9400, 1, 9400, 0, 9400),
('1700', '8993212111089', 'COMBANTRIN 250 MG', 11400, 1, 11400, 0, 11400),
('1700', '6920380501345', 'PI KANG SHUANG BIRU', 12700, 1, 12700, 0, 12700),
('1701', '8997001061210', 'POPOKU L10', 15900, 1, 15900, 0, 15900),
('1702', '89686535143', 'SUN KACANG HIJAU', 7300, 1, 7300, 0, 7300),
('1702', '8992959508893', 'SWEETY PANT S10', 14200, 1, 14200, 0, 14200),
('1703', '5896', 'FUROSEMID 40 MG', 2000, 1, 2000, 0, 2000),
('1703', '228', 'IRGAPAN 200MG', 5000, 1, 5000, 0, 5000),
('1703', '8999225785545', 'KANNA 15GR', 8300, 1, 8300, 0, 8300),
('1703', '2015', 'MOLACORT 0,75 MG', 2200, 1, 2200, 0, 2200),
('1704', '6920380501345', 'PI KANG SHUANG BIRU', 12700, 1, 12700, 0, 12700),
('1705', '5112364', 'FLUCADEX TABLET', 3700, 3, 11100, 0, 11100),
('1705', '248', 'LANADEXON 0,5MG', 1500, 10, 15000, 0, 15000),
('1705', '20249', 'PONDEX FORTE 500MG', 4000, 3, 12000, 0, 12000),
('1705', '3426', 'RENADINAC 50 MG', 3000, 10, 30000, 0, 30000),
('1706', '8994254001215', 'HUFAGRIP TMP', 11200, 1, 11200, 0, 11200),
('1707', '9', 'AMOXICILLIN NOVA 5000', 5000, 1, 5000, 0, 5000),
('1707', '285', 'MEFINAL 500 MG', 14900, 1, 14900, 0, 14900),
('1708', '8992003782354', 'ANTANGIN JRG CAIR', 2100, 1, 2100, 0, 2100),
('1708', '8993218330019', 'MEXTRIL TABLET', 1800, 1, 1800, 0, 1800),
('1708', '8995858189026', 'MIXAGRIP FLU DAN BATUK', 2000, 1, 2000, 0, 2000),
('1708', '3426', 'RENADINAC 50 MG', 3500, 1, 3500, 0, 3500),
('1709', '29', 'ASAM MEFENAMAT', 3000, 2, 6000, 0, 6000),
('1710', '2218', 'OXYTETRASIKLIN SALEP MATA', 4600, 1, 4600, 0, 4600),
('1710', '8992959508022', 'SWEETY POPOK L20', 33900, 1, 33900, 0, 33900),
('1711', '1131212', 'VERMINT ISI 12', 21300, 1, 21300, 0, 21300),
('1712', '8995179100397', 'MINYAK GONDOPURO GAJAH 50 ML', 9900, 1, 9900, 0, 9900),
('1713', '8993014522328', 'PARAM KOCOK 75 ML', 12900, 1, 12900, 0, 12900),
('1714', '287', 'MEFINTER 500MG', 6000, 1, 6000, 0, 6000),
('1715', '8999809400024', 'NATUR-E', 4300, 1, 4300, 0, 4300),
('1716', '4111174', 'ALVITA TABLET', 3700, 2, 7400, 0, 7400),
('1716', '5001235', 'FAXIDEN 20 MG', 2700, 2, 5400, 0, 5400),
('1716', '4563', 'GRATHAZONE 0.5 MG', 2000, 2, 4000, 0, 4000),
('1717', '8994254001215', 'HUFAGRIP TMP', 11200, 1, 11200, 0, 11200),
('1718', '1', 'TEST PACK ONE MED', 3000, 1, 3000, 0, 3000),
('1719', '4170', 'AITO TETES MATA', 7300, 1, 7300, 0, 7300),
('1720', '8992003782354', 'ANTANGIN JRG CAIR', 2100, 2, 4200, 0, 4200),
('1720', '29', 'ASAM MEFENAMAT', 3000, 1, 3000, 0, 3000),
('1720', '2015', 'MOLACORT 0,75 MG', 2200, 1, 2200, 0, 2200),
('1720', '1492', 'WIROS TABLET', 3000, 1, 3000, 0, 3000),
('1721', '8990999160019', 'BRONCHITIN 50 ML', 5900, 1, 5900, 0, 5900),
('1722', '12124433', 'DRAMAMINE 50 MG', 2000, 2, 4000, 0, 4000),
('1722', '227', 'INTERHISTIN TABLET', 6500, 1, 6500, 0, 6500),
('1723', '4174637117', 'ANACETIN 60 ML', 8000, 1, 8000, 0, 8000),
('1724', '8991111152059', 'MYLANTA 50 ML', 10700, 1, 10700, 0, 10700),
('1725', '124112013171', 'ORAPROFEN FORTE', 7800, 1, 7800, 0, 7800),
('1725', '2346', 'YUSIMOX SYRUP FORTE', 8000, 1, 8000, 0, 8000),
('1726', '1590', 'IMODIUM 5 MG', 7900, 2, 15800, 0, 15800),
('1726', '8521', 'NOVATRIM TABLET', 2500, 1, 2500, 0, 2500),
('1726', '124117', 'ORALIT', 1000, 3, 3000, 0, 3000),
('1727', '8993347012305', 'ALBOTHYL 5 ML', 25800, 1, 25800, 0, 25800),
('1727', '89934982102278', 'LIVRON B PLEX TABLET', 3000, 2, 6000, 0, 6000),
('1728', '1234405', 'DEXAHARSEN 0.5 MG', 2500, 5, 12500, 0, 12500),
('1729', '8995201800011', 'COUNTERPAIN 15 GR', 23700, 1, 23700, 0, 23700),
('1730', '9', 'AMOXICILLIN NOVA 5000', 5000, 1, 5000, 0, 5000),
('1731', '8993212111089', 'COMBANTRIN 250 MG', 11400, 1, 11400, 0, 11400),
('1731', '8992695120205', 'PANADOL HIJAU TABLET', 9000, 1, 9000, 0, 9000),
('1732', '5536', 'NORELUT 5 MG', 5000, 4, 20000, 0, 20000),
('1733', '8993058300500', 'KOMIX JAHE', 1000, 2, 2000, 0, 2000),
('1733', '8993338005033', 'KOYO CABE', 900, 2, 1800, 0, 1800),
('1734', '1731112', 'NEURODEX TABLET', 4500, 1, 4500, 0, 4500),
('1735', '1', 'HANSAPLAST', 400, 20, 8000, 0, 8000),
('1735', '8998667100206', 'PARAMEX TABLET', 2000, 5, 10000, 0, 10000),
('1736', '8993560022006', 'DETTOL 50 ML', 6500, 1, 6500, 0, 6500),
('1737', '8991771200398', 'VITACIMIN ORANGE', 1700, 5, 8500, 0, 8500),
('1738', '8995179100199', 'MINYAK TELON GAJAH 120ML', 26500, 1, 26500, 0, 26500),
('1739', '8992959508039', 'SWEETY POPOK M10', 15900, 1, 15900, 0, 15900),
('1740', '4454', 'KASA STERIL', 7500, 1, 7500, 0, 7500),
('1741', '124111211712', 'DAPYRIN DEMAM 500 MG', 2500, 1, 2500, 0, 2500),
('1741', '3487', 'YUSIMOX TABLET', 4900, 1, 4900, 0, 4900),
('1742', '2043', 'PLANOTAB', 4500, 1, 4500, 0, 4500),
('1742', '1', 'TEST PACK ONE MED', 3000, 1, 3000, 0, 3000),
('1742', '1492', 'WIROS TABLET', 3000, 1, 3000, 0, 3000),
('1743', '5007', 'NUFADOL 500 MG', 2800, 2, 5600, 0, 5600),
('1743', '8998667101395', 'RENOVIT STRIP', 9600, 1, 9600, 0, 9600),
('1744', '8993176803198', 'TELON LANG15ML', 4800, 1, 4800, 0, 4800),
('1745', '8992112014018', 'NEOZEP', 2200, 1, 2200, 0, 2200),
('1746', '8992828889887', 'VERILE ACNE GEL 10G', 14900, 1, 14900, 0, 14900),
('1747', '8993347006847', 'MICROLAX GEL', 19200, 1, 19200, 0, 19200),
('1748', '8999809500946', 'PARATUSIN TABLET', 7500, 1, 7500, 0, 7500),
('1749', '9', 'AMOXICILLIN NOVA 5000', 5000, 1, 5000, 0, 5000),
('1749', '55221445', 'FENAMIN 500 MG', 3400, 1, 3400, 0, 3400),
('1749', '4563', 'GRATHAZONE 0.5 MG', 2000, 1, 2000, 0, 2000),
('1749', '5003', 'NOVAFLOX 500 MG', 5000, 1, 5000, 0, 5000),
('1750', '8992858664706', 'PROMAG TABLET', 5600, 1, 5600, 0, 5600),
('1750', '8993347015160', 'VIOSTIN DS ISI 50', 31800, 1, 31800, 0, 31800),
('1751', '8992112025021', 'DECOLGEN TABLET', 1800, 2, 3600, 0, 3600),
('1751', '8992112046125', 'DECOLSIN TABLET', 2800, 2, 5600, 0, 5600),
('1751', '8998667100084', 'KONIDIN TABLET', 1800, 1, 1800, 0, 1800),
('1751', '8992112014018', 'NEOZEP', 2200, 2, 4400, 0, 4400),
('1752', '231711234', 'ZENIREX 60 ML', 5500, 1, 5500, 0, 5500),
('1753', '8993515361143', 'PIMACOLIN SUSU 60 ML', 6000, 1, 6000, 0, 6000),
('1754', '41141247', 'ALPARA TABLET', 6300, 1, 6300, 0, 6300),
('1755', '9', 'AMOXICILLIN NOVA 5000', 5000, 1, 5000, 0, 5000),
('1755', '8995858999991', 'MIXAGRIP FLU', 2000, 1, 2000, 0, 2000),
('1756', '8993176110074', 'MKP LANG 60ML', 16400, 1, 16400, 0, 16400),
('1757', '8995179100182', 'MINYAK TELON GAJAH 60ML', 13800, 1, 13800, 0, 13800),
('1757', '541730112', 'SANMOL DROP', 17400, 1, 17400, 0, 17400),
('1758', '8992959002049', 'SWEETY PANT M36 +2', 66000, 1, 66000, 0, 66000),
('1759', '8990999160019', 'BRONCHITIN 50 ML', 5900, 2, 11800, 0, 11800),
('1760', '3426', 'RENADINAC 50 MG', 3500, 1, 3500, 0, 3500),
('1761', '8993515361075', 'PIMTRAKOL 60 ML', 7600, 1, 7600, 0, 7600),
('1762', '8993424000256', 'COPAL CHEST RUB', 12900, 1, 12900, 0, 12900),
('1763', '8999099919619', 'SGM SOYA 3 400GR VANILA', 52600, 1, 52600, 0, 52600),
('1764', '8992802220033', 'PRENAGEN MOMMY STROBERI', 38900, 1, 38900, 0, 38900),
('1765', '8306301041', 'BORAXGLYCEROL 5% 15ML', 5500, 1, 5500, 0, 5500),
('1765', '6413461176', 'CHRYSANTHEMUM (CHI HWA CING)', 2800, 2, 5600, 0, 5600),
('1765', '8994254001222', 'HUFAGRIP BP', 13400, 1, 13400, 0, 13400),
('1765', '8993058300807', 'KOMIX JERUK NIPIS', 800, 5, 4000, 0, 4000),
('1765', '8993058300401', 'KOMIX PEPERMINT', 800, 5, 4000, 0, 4000),
('1765', '2037', 'MYCORAL TABLET', 4000, 2, 8000, 0, 8000),
('1766', '9', 'AMOXICILLIN NOVA 5000', 5000, 1, 5000, 0, 5000),
('1767', '19', 'ANASTAN FORTE 500MG', 3200, 1, 3200, 0, 3200),
('1767', '1015', 'CIPROFLOXACIN 500', 5000, 1, 5000, 0, 5000),
('1767', '8995858189026', 'MIXAGRIP FLU DAN BATUK', 2000, 2, 4000, 0, 4000),
('1768', '8993347013517', 'POLYSILANE MAXX BLUEBERRY', 7000, 1, 7000, 0, 7000),
('1769', '4042809274554', 'HYPAFIX', 13200, 1, 13200, 0, 13200),
('1770', '8992828831534', 'LASERIN DEWASA 60ML', 7900, 1, 7900, 0, 7900),
('1771', '8992112053024', 'GASTRAN TABLET', 2800, 1, 2800, 0, 2800),
('1772', '8999908304100', 'BODREXIN DEMAM 60 ML', 7500, 1, 7500, 0, 7500),
('1772', '8992858687408', 'PERMEN WOODS CHERRY', 3000, 1, 3000, 0, 3000),
('1772', '8992858687309', 'PERMEN WOODS LEMON', 3000, 2, 6000, 0, 6000),
('1773', '20309', 'VITANORM TAB', 4200, 5, 21000, 0, 21000),
('1774', '2379', 'NEUROPYRON TABLET', 6500, 1, 6500, 0, 6500),
('1775', '22', 'ANDALAN LAKTASI', 11400, 2, 22800, 0, 22800),
('1776', '411', 'ALLERON 4 MG', 2200, 1, 2200, 0, 2200),
('1776', '9', 'AMOXICILLIN NOVA 5000', 5000, 3, 15000, 0, 15000),
('1776', '29', 'ASAM MEFENAMAT', 3000, 2, 6000, 0, 6000),
('1776', '8999099920462', 'SGM 1 400MG', 34300, 1, 34300, 0, 34300),
('1777', '54173495', 'SANMAG 120 ML', 29700, 1, 29700, 0, 29700),
('1778', '8992003784037', 'KULDON SARIAWAN', 2600, 1, 2600, 0, 2600),
('1779', '8998667101432', 'PARAMEX FLU DAN BATUK', 2200, 2, 4400, 0, 4400),
('1780', '8999809400017', 'NATUR-E 4X4', 17400, 1, 17400, 0, 17400),
('1781', '8997024800018', 'GARCIA', 95000, 1, 95000, 0, 95000),
('1781', '8998667400269', 'MKP KONICARE 60ML', 19500, 1, 19500, 0, 19500),
('1781', '3010', 'TRODEX TAB', 2200, 2, 4400, 0, 4400),
('1782', '8995858999991', 'MIXAGRIP FLU', 2000, 1, 2000, 0, 2000),
('1783', '6412', 'CARROL SAK', 2000, 1, 2000, 0, 2000),
('1784', '8993212111089', 'COMBANTRIN 250 MG', 11400, 1, 11400, 0, 11400),
('1785', '8992112053024', 'GASTRAN TABLET', 2800, 4, 11200, 0, 11200),
('1786', '8992799154014', 'DULCOLAX ISI 4', 5300, 1, 5300, 0, 5300),
('1786', '8886029101049', 'ULTRAFLU', 2800, 2, 5600, 0, 5600),
('1787', '4170', 'AITO TETES MATA', 7300, 1, 7300, 0, 7300),
('1788', '24', 'ANTASIDA DOEN TABLET ERELLA', 1900, 1, 1900, 0, 1900),
('1788', '1012', 'CIMETIDINE 200MG', 3200, 1, 3200, 0, 3200),
('1788', '8374', 'OMEPRAZOLE 20 MG', 5000, 1, 5000, 0, 5000),
('1789', '8993515100537', 'CTM TABLET', 1000, 1, 1000, 0, 1000),
('1789', '8995858999991', 'MIXAGRIP FLU', 2000, 1, 2000, 0, 2000),
('1789', '8998667100206', 'PARAMEX TABLET', 2200, 2, 4400, 0, 4400),
('1790', '8992799160701', 'PHARMATON FORMULA', 3500, 5, 17500, 0, 17500),
('1791', '8993176803105', 'TELON LANG 100ML', 22600, 1, 22600, 0, 22600),
('1792', '8992696407688', 'DANCOW 1+ 800 GR VANILA', 85300, 1, 85300, 0, 85300),
('1793', '9221', 'GLIBENCLAMIDE 5 MG', 1030, 20, 20600, 0, 20600),
('1794', '8993113035057', 'OBH COMBI PLUS 60 ML MADU', 10700, 1, 10700, 0, 10700),
('1794', '26001', 'UNI BABY COUGH', 5400, 1, 5400, 0, 5400),
('1795', '1598', 'INERSON CREAM', 24500, 1, 24500, 0, 24500),
('1795', '7916248847', 'TAWON DD', 15700, 1, 15700, 0, 15700),
('1796', '90', 'CATAFLAM 50MG', 6200, 4, 24800, 0, 24800),
('1797', '8993014730112', 'MADURASA JERUK', 1300, 3, 3900, 0, 3900),
('1798', '8993176110104', 'GPU 60 ML', 13000, 1, 13000, 0, 13000),
('1799', '5743', 'HEMAVITON STAMINA', 1100, 5, 5500, 0, 5500),
('1799', '34514312', 'MASKER EAR LOOP', 1000, 3, 3000, 0, 3000),
('1799', '401230', 'NEO HORMOVITON', 1100, 5, 5500, 0, 5500),
('1800', '8992837199748', 'VOLTAREN CREAM 5 GR', 24300, 1, 24300, 0, 24300),
('1801', '8994472000014', 'KAPAK 3 ML', 4900, 1, 4900, 0, 4900),
('1802', '4101412100', 'ALOFAR 100 MG', 2700, 1, 2700, 0, 2700),
('1802', '12111554', 'DIVOLTAR 50 MG', 5200, 1, 5200, 0, 5200),
('1803', '72227', 'BODREXIN TABLET', 2000, 1, 2000, 0, 2000),
('1803', '8999777019891', 'HANSAPLAST 1 METER', 3600, 1, 3600, 0, 3600),
('1804', '53', 'BINOTAL 500MG', 4500, 6, 27000, 0, 27000),
('1804', '1020', 'CLINDAMYCIN 150', 5900, 1, 5900, 0, 5900),
('1804', '1117124511117', 'ULTRASILINE CREAM', 7800, 1, 7800, 0, 7800),
('1805', '123475', 'DEXAHARSEN 0.75 MG', 3000, 2, 6000, 0, 6000),
('1805', '5130', 'PIROXICAM 20 MG FM KAPSUL', 2800, 2, 5600, 0, 5600),
('1806', '8993189270826', 'MAMY POKO L8', 16900, 1, 16900, 0, 16900),
('1807', '8995858999991', 'MIXAGRIP FLU', 2000, 1, 2000, 0, 2000);

-- --------------------------------------------------------

--
-- Table structure for table `piutang`
--

CREATE TABLE IF NOT EXISTS `piutang` (
  `NO_NOTA` varchar(10) NOT NULL DEFAULT '',
  `KODE_PEL` varchar(5) NOT NULL DEFAULT '',
  `NAMA_PEL` varchar(35) NOT NULL DEFAULT '',
  `TGL_PEMBAYARAN` date NOT NULL DEFAULT '0000-00-00',
  `JML_BAYAR` int(11) DEFAULT NULL,
  `KET` tinyint(1) DEFAULT NULL,
  KEY `NO_NOTA` (`NO_NOTA`)
) ENGINE=InnoDB DEFAULT CHARSET=latin1;

--
-- Dumping data for table `piutang`
--


-- --------------------------------------------------------

--
-- Table structure for table `supplayer`
--

CREATE TABLE IF NOT EXISTS `supplayer` (
  `KODE_SUPP` varchar(5) NOT NULL DEFAULT '',
  `NAMA` varchar(35) NOT NULL DEFAULT '',
  `ALAMAT` varchar(30) DEFAULT NULL,
  `KOTA` varchar(20) DEFAULT NULL,
  `PROPINSI` varchar(25) DEFAULT NULL,
  `KODE_POS` varchar(7) DEFAULT NULL,
  `EMAIL` varchar(25) DEFAULT NULL,
  `TELP_1` varchar(13) DEFAULT NULL,
  `TELP_2` varchar(13) DEFAULT NULL,
  PRIMARY KEY (`KODE_SUPP`)
) ENGINE=InnoDB DEFAULT CHARSET=latin1;

--
-- Dumping data for table `supplayer`
--

INSERT INTO `supplayer` (`KODE_SUPP`, `NAMA`, `ALAMAT`, `KOTA`, `PROPINSI`, `KODE_POS`, `EMAIL`, `TELP_1`, `TELP_2`) VALUES
('-', '-', '-', '-', '-', '-', '-', '-', '-');

--
-- Constraints for dumped tables
--

--
-- Constraints for table `hutang`
--
ALTER TABLE `hutang`
  ADD CONSTRAINT `hutang_ibfk_1` FOREIGN KEY (`NO_FAKTUR`) REFERENCES `pembelian` (`NO_FAKTUR`) ON DELETE CASCADE ON UPDATE CASCADE;

--
-- Constraints for table `pembelian`
--
ALTER TABLE `pembelian`
  ADD CONSTRAINT `pembelian_ibfk_1` FOREIGN KEY (`KODE_SUPP`) REFERENCES `supplayer` (`KODE_SUPP`) ON UPDATE CASCADE;

--
-- Constraints for table `pembelian_det`
--
ALTER TABLE `pembelian_det`
  ADD CONSTRAINT `pembelian_det_ibfk_1` FOREIGN KEY (`NO_FAKTUR`) REFERENCES `pembelian` (`NO_FAKTUR`) ON DELETE CASCADE ON UPDATE CASCADE;

--
-- Constraints for table `penjualan`
--
ALTER TABLE `penjualan`
  ADD CONSTRAINT `penjualan_ibfk_1` FOREIGN KEY (`KODE_PEL`) REFERENCES `pelanggan` (`KODE_PEL`) ON UPDATE CASCADE;

--
-- Constraints for table `penjualan_det`
--
ALTER TABLE `penjualan_det`
  ADD CONSTRAINT `penjualan_det_ibfk_1` FOREIGN KEY (`NO_NOTA`) REFERENCES `penjualan` (`NO_NOTA`) ON DELETE CASCADE ON UPDATE CASCADE;

--
-- Constraints for table `piutang`
--
ALTER TABLE `piutang`
  ADD CONSTRAINT `piutang_ibfk_1` FOREIGN KEY (`NO_NOTA`) REFERENCES `penjualan` (`NO_NOTA`) ON DELETE CASCADE ON UPDATE CASCADE;

/*!40101 SET CHARACTER_SET_CLIENT=@OLD_CHARACTER_SET_CLIENT */;
/*!40101 SET CHARACTER_SET_RESULTS=@OLD_CHARACTER_SET_RESULTS */;
/*!40101 SET COLLATION_CONNECTION=@OLD_COLLATION_CONNECTION */;
